id	final_value	cash	REP04	DEM04	REP04_L52	REP04_G52	DEM04_L52	DEM04_G52
Landon	14467.43300000018	26818.43300000018	-14045	-14065	-12351	-12263	-11352	-11108
Mila	9619.902000000031	10307.902000000031	-9147	-8823	-688	-1511	347	-1260
Juan	8533.550999999992	10389.550999999992	-7279	-5837	-1856	-2784	-5008	-4994
Sage F	7378.832000000008	7441.832000000008	-7360	-7382	-63	-66	-62	-67
Owen	6960.328999999999	7912.328999999999	-6783	-7040	-952	-934	-995	-989
Elle	3105.822000000022	6727.822000000022	-3000	-3252	-3622	-2881	-3508	-3529
John	2670.889000000007	2591.889000000007	-2587	-2845	79	-187	28	26
Blakely	2660.9810000000007	2655.9810000000007	-2578	-2655	5	-79	3	-1
Ellie	2660.55500000001	2597.55500000001	-2608	-2632	63	-267	-74	-76
Olivia	2065.872000000003	2339.872000000003	-1118	-474	-274	-3679	-4186	-4294
Corey	1878.628000000002	1480.628000000002	-819	2600	398	-1620	-4423	-5038
Dalton	1468.6129999999996	-501.3870000000004	0	0	1970	0	-1	0
Parker M	1465.791999999999	-651.208000000001	6	5	2117	-478	-488	-485
Oakley F	1451.0769999999966	2613.0769999999966	-1941	-783	-1162	-1171	-459	-2342
Legend	1435.6299999999992	1435.6299999999992	-1938	-743	0	0	398	-1191
Ellis M	1248.8249999999998	-502.1750000000002	0	0	1751	0	3	0
Kayla	1210.173	1244.173	-1212	-832	-34	-33	-407	-411
Camilla	1188.3360000000002	1189.3360000000002	-1689	-568	-1	-1	0	-4
James	1164.5499999999995	919.5499999999995	-1047	-896	245	237	-236	-245
Jared	1137.8660000000002	1141.8660000000002	0	0	-4	-2	0	0
Kamari M	1111.797	-500.203	0	0	1612	0	0	0
Case	1028.719	-471.28099999999984	0	0	1500	3094	319	0
Aylin	1025.896	-500.10400000000004	0	0	1526	0	0	0
Noa	998.2659999999998	-418.7340000000002	0	0	1417	5	16	0
Jayceon	954.223	-183.77700000000004	0	0	1138	-243	-237	-245
Anna	950.7530000000004	455.7530000000004	270	0	495	-267	2	0
Lorelai	936.0679999999988	-437.9320000000012	-723	-715	1374	1227	1315	1289
Cameron F	887.1060000000014	546.1060000000014	-890	-615	341	-131	964	-330
Maia	880.871	-46.12900000000006	207	-36	927	-681	-425	-426
Samara	859.8480000000004	-496.15199999999965	940	0	1356	-943	-1	0
Cooper	855.2370000000003	914.2370000000003	-941	-897	-59	-53	101	-103
Peyton	763.5060000000021	5148.506000000002	-71	-69	-4385	-6991	-7022	-7014
Zaire	757.2230000000004	131.22300000000038	-677	-687	626	346	369	367
Melody	753.338	-312.662	0	0	1066	-256	-101	-104
Nevaeh	730.6119999999999	-396.3880000000002	766	0	1127	-764	0	0
Edgar	716.2189999999998	-498.7810000000001	917	0	1215	-920	0	0
Andre	712.5919999999996	1327.5919999999996	-671	-54	-615	-659	-1263	-1258
Philip	696.1170000000004	-494.8829999999996	0	0	1191	-9	0	0
Mabel	687.8060000000003	-491.1939999999998	0	0	1179	152	202	0
Ronin	663.3190000000001	-489.6809999999999	0	0	1153	598	0	0
Celeste	656.9879999999999	-192.01200000000003	0	0	849	0	0	0
Sophia	646.5469999999995	698.5469999999995	-403	-833	-52	-32	-72	-67
Wesley	643.8879999999999	6.887999999999882	0	929	637	427	-936	-940
Bruce	617.8029999999994	2946.8029999999994	-392	-478	-2329	-2802	-2741	-2742
Scarlet	600.406	-411.59400000000005	0	0	1012	506	0	0
Wyatt	553.9999999999999	553.9999999999999	-1055	13	0	0	0	0
Clayton	542.6660000000004	-503.33399999999966	0	0	1046	908	0	0
Leland	535.0250000000001	2.0250000000000785	0	0	533	178	-502	-499
Dominick	531.6990000000001	372.699	0	0	159	1320	-8	1
Princeton	525.926	-497.07399999999996	0	0	1023	196	395	100
Ariel M	518.8569999999999	-502.14300000000014	0	0	1021	501	496	-14
Amora	502.62499999999994	-495.37500000000006	0	0	998	554	0	0
Francis	483.8909999999999	-236.1090000000001	0	0	720	0	0	0
Maren	472.74299999999994	-400.25700000000006	0	0	873	510	0	0
Brian	450.19200000000006	419.19200000000006	0	-917	31	-351	0	0
Maximilian	440.38300000000015	-147.61699999999988	-90	-100	588	129	98	-174
Remington F	427.3829999999999	-500.6170000000001	0	0	928	0	10	0
Weston	422.79999999999984	425.79999999999984	0	0	-3	798	0	0
Leonidas	412.03199999999987	-481.96800000000013	0	0	894	-3	0	0
Nylah	408.669	296.669	0	0	112	4	0	0
Antonio	405.8060000000006	-544.1939999999994	0	0	950	-14	-1	-1
Benson	404.2439999999998	888.2439999999998	-487	-1417	-484	-924	405	0
Jaxson	395.14099999999974	724.1409999999997	-493	-227	-329	-326	-596	-596
Blair	382.7650000000001	-505.2349999999999	0	0	888	661	-1	4
Kasen	367.347	-280.653	0	0	648	-187	-192	-191
Sterling	364.7439999999997	-500.2560000000003	0	0	865	832	-1	-6
Enzo	354.07100000000025	-296.92899999999975	496	-250	651	-737	0	0
Nehemiah	342.7480000000002	295.7480000000002	0	0	47	28	-771	-771
Jett	333.9689999999999	-243.03100000000012	0	502	577	526	-725	-727
Gabriel	318.42900000000054	-878.5709999999995	-136	-123	1197	1250	913	924
Emersyn	313.86500000000046	315.86500000000046	-819	244	-2	0	-556	1460
Matilda	308.906	-421.094	0	0	730	719	0	0
Cairo	308.7269999999998	308.7269999999998	0	0	0	712	399	0
Orion	303.47700000000015	-500.52299999999985	0	0	804	721	0	0
Julian	300.692	108.69200000000001	83	-229	192	190	509	507
Quentin	295.505	33.50500000000001	-130	110	262	-55	-301	-297
Titus	289.177	301.177	0	0	-12	-11	-12	-9
Dylan F	288.19799999999964	665.1979999999996	-297	-99	-377	-394	-158	-592
Major	281.267	-503.733	0	0	785	593	-1	-3
Damian	276.54100000000005	477.54100000000005	-25	-774	-201	-692	98	146
Jamison	266.41099999999994	-311.58900000000006	0	0	578	496	0	0
Alexander	261.90700000000004	260.90700000000004	0	-502	1	0	499	501
Ryland	259.225	128.22500000000002	-120	-234	131	191	-320	-323
Aaliyah	258.033	258.033	-317	-181	0	0	0	0
Winter	255.46699999999987	120.46699999999987	30	102	135	-381	-428	-453
Skyler M	254.74099999999999	-532.259	0	-3	787	0	0	0
Carter F	254.4380000000021	325.4380000000021	-238	-236	-71	-70	-61	-67
Rory M	252.6570000000001	-497.3429999999999	0	0	750	763	0	0
Ryan M	249.827	-1434.173	-23	-240	1684	1747	1836	2105
Xander	244.12000000000353	3835.1200000000035	-71	-281	-3591	-3639	-3781	-3754
Lily	243.781	78.781	-131	-27	165	-138	93	-91
Kaleb	242.99899999999343	-3616.0010000000066	-209	-174	3859	3765	3729	3736
Nolan	240.88600000000002	240.88600000000002	91	-707	0	0	0	0
Sarah	232.82600000000002	237.82600000000002	0	0	-5	1006	0	0
Maci	232.106	-272.894	0	0	505	501	0	0
Allie	230.38099999999977	-255.61900000000023	0	0	486	519	494	-7
Madelyn	226.34099999999998	110.34099999999998	179	0	116	-184	1	0
Maria	226.06599999999997	-28.93400000000001	156	-160	255	-329	-2	0
Alanna	225.61399999999998	-184.38600000000002	0	0	410	216	0	0
Esther	225.4989999999998	-633.5010000000002	0	0	859	3	0	0
Alivia	218.0730000000001	481.0730000000001	-355	229	-263	2669	-412	-903
Ada	217.192	-444.808	885	0	662	-880	0	0
Elisa	216.29799999999994	219.29799999999994	0	0	-3	-1	-5	0
Soren	216.09699999999995	225.09699999999995	-211	-214	-9	-19	-20	-17
Jada	213.1759999999999	213.1759999999999	-386	5	0	0	0	0
Amanda	212.599	-289.401	0	0	502	0	-1	-1
Reed	208.5870000000001	-344.4129999999999	0	0	553	650	0	0
Kendra	207.38100000000009	657.3810000000001	-187	-181	-450	-471	-499	-494
Diego	204.2960000000001	204.2960000000001	-201	-195	0	0	0	0
Collins	204.07399999999998	138.07399999999998	0	0	66	1093	-639	-636
Willa	197.92599999999982	-504.0740000000002	0	0	702	4	581	0
Alejandra	197.1879999999997	-471.8120000000003	0	469	669	674	36	-477
Cohen	192.54399999999995	-211.45600000000005	207	65	404	10	-43	-78
Skyler F	189.22299999999996	-252.77700000000004	0	0	442	386	0	1
River M	184.352	188.352	140	-510	-4	-46	0	0
Juliette	182.645	-137.355	31	0	320	203	0	0
Gianni	179.68999999999988	-396.3100000000001	0	0	576	4	-7	0
Monroe	179.498	-121.50200000000002	0	0	301	0	101	0
Amari M	177.81500000000008	177.81500000000008	-671	324	0	0	0	0
Danny	177.08999999999997	177.08999999999997	-175	-172	0	0	0	0
Rory F	173.89199999999997	167.89199999999997	0	0	6	51	-6	0
Amber	172.51700000000002	-119.48299999999998	31	0	292	69	-3	0
Fatima	170.672	-69.328	0	0	240	0	0	0
Stella	168.3290000000001	168.3290000000001	0	0	0	0	99	0
Bennett	165.82400000000052	167.82400000000052	-176	-168	-2	-74	-73	-67
Cassidy	163.22199999999992	-265.7780000000001	0	0	429	185	314	84
Christopher	160.99100000000004	156.99100000000004	0	99	4	-170	-271	-369
Veronica	160.69099999999997	160.69099999999997	0	0	0	-503	0	0
Aspen	159.7349999999999	-861.2650000000001	0	0	1021	773	781	773
Ryleigh	159.116	159.116	-445	140	0	0	0	0
Camryn	158.61399999999998	-82.38600000000002	0	0	241	235	-132	-131
Eve	157.75799999999995	-199.24200000000005	0	0	357	358	0	0
Dylan M	153.80800000000045	2991.8080000000004	456	-1295	-2838	-2829	-1503	-1484
Daphne	151.71999999999997	-150.28000000000003	0	0	302	0	299	0
Conrad	147.85699999999997	-252.14300000000003	0	0	400	0	0	0
Lana	144.474	-500.526	0	0	645	7	0	0
Ari F	142.51799999999997	142.51799999999997	-237	-23	0	0	0	0
Lane	141.096	135.096	0	110	6	0	-109	-110
Ian	129.733	-73.26700000000001	0	0	203	116	49	0
Aziel	126.11700000000005	126.11700000000005	-552	335	0	0	0	0
Jayson	125.91499999999976	161.91499999999976	-147	-140	-36	-43	-4	-3
Gabriela	123.19800000000009	127.19800000000009	0	0	-4	-9	1	-6
Anthony	121.96899999999988	146.96899999999988	35	-7	-25	-120	-164	-152
Emberly	121.39400000000012	-262.6059999999999	-10	336	384	116	39	171
Paisley	121.38	121.38	0	0	0	-313	0	0
Leilani	118.59600000000002	116.59600000000002	0	0	2	0	234	1
Beau	118.05500000000006	141.05500000000006	-207	-43	-23	-87	37	35
Reagan	115.77500000000002	115.77500000000002	-115	-105	0	0	-15	-13
Romeo	109.67700000000008	-270.3229999999999	0	0	380	376	1	0
Jacqueline	106.75600000000031	-359.2439999999997	0	0	466	-3	-14	-15
Kylee	106.491	-57.509	0	0	164	0	0	0
Charli	105.42800000000001	-93.57199999999999	0	0	199	0	198	0
Chandler M	105.38699999999997	45.386999999999965	-58	20	60	32	-94	-96
Isaias	105.37	-9.629999999999997	0	0	115	-131	-6	-92
Itzel	105.25600000000006	183.25600000000006	-35	-120	-78	-172	-91	-98
Nova F	102.98100000000002	100.98100000000002	0	0	2	0	0	1
Zayne	102.85499999999999	102.85499999999999	0	0	0	0	-300	-400
Mckinley	102.59099999999995	-47.409000000000056	-98	-132	150	-78	-11	-11
Gracie	102.57600000000004	102.57600000000004	-78	61	0	0	-138	-136
Carson	100.84100000000012	301.8410000000001	-99	-98	-201	-248	-251	-249
Kane	99.93400000000001	99.93400000000001	0	0	0	1	0	0
Ainsley	98.29899999999986	-200.70100000000014	0	0	299	11	0	-2
Piper	95.94199999999998	-160.05800000000002	0	0	256	1618	0	0
Deacon	95.845	95.845	0	0	0	0	0	-11
Trevor	95.50200000000001	-464.498	0	0	560	1311	1	4
Moises	94.8930000000001	116.8930000000001	-8	-456	-22	-38	-139	359
Brynn	93.89100000000002	-52.10899999999998	0	0	146	0	0	303
Dean	93.39000000000004	-501.60999999999996	0	1002	595	428	-496	-996
Destiny	91.78499999999994	101.78499999999994	0	0	-10	6	-11	3
Finn	91.13499999999999	-448.865	196	0	540	-189	-5	0
Hallie	90.99299999999995	90.99299999999995	0	0	0	0	5	2
Roland	90.88800000000003	185.88800000000003	14	-85	-95	-97	-5	-3
Carolina	85.49600000000002	-98.50399999999998	0	0	184	169	0	0
Jeffrey	83.82499999999999	-39.17500000000002	0	0	123	8	-11	-9
Ethan	83.55900000000003	284.559	-190	11	-201	-200	-100	-399
Maryam	80.53599999999993	33.53599999999993	0	419	47	45	-663	-669
Pierce	78.911	-20.089	0	0	99	0	0	0
Gavin	76.83399999999999	76.83399999999999	-125	-5	0	0	0	0
Adriana	75.12400000005164	7026.124000000052	0	0	-6951	-7291	-7200	-7198
Camden	74.39699999999993	-267.60300000000007	0	209	342	0	290	-210
Ava	74.15300000000002	-71.84699999999998	0	0	146	147	347	147
Conor	73.078	72.078	0	0	1	1	0	0
Walker	72.5	-27.500000000000004	0	0	100	0	0	0
Spencer	72.47999999999999	60.47999999999999	-72	13	12	-90	22	25
Alexandra	71.67899999999999	71.67899999999999	-234	94	0	0	0	0
Tatum F	71.411	69.411	0	0	2	0	0	0
Wells	70.88499999999998	98.88499999999998	-122	-28	-28	-27	-10	-9
River F	70.46399999999988	70.46399999999988	-101	-98	0	0	0	0
Alonzo	70.209	-99.791	0	0	170	174	0	0
Evelynn	68.089	-50.910999999999994	0	0	119	-1	0	0
Ibrahim	65.47999999999999	-54.52000000000001	0	0	120	82	0	0
Collin	65.35	-5.65	0	0	71	0	0	0
Frederick	65.13600000000001	-99.86399999999999	0	0	165	144	0	-1
Isla	63.889999999999986	-79.11000000000001	19	0	143	11	0	0
Ronald	62.18899999999999	62.18899999999999	-299	208	0	-101	203	0
Valentina	62.18299999999999	62.18299999999999	-135	11	0	0	0	0
Mckenna	61.64199999999998	-64.35800000000002	0	0	126	-100	-100	-101
Kylo	58.67799999999998	-48.32200000000002	0	0	107	99	0	0
Taylor F	56.77200000000002	56.77200000000002	-557	545	0	0	0	0
Hazel	56.43699999999999	56.43699999999999	-56	-60	0	0	0	0
Harmony	56.13600000000001	-32.86399999999999	51	-3	89	-49	0	0
Arya	54.58199999999999	-45.41800000000001	-50	-50	100	-26	-2	-2
Lawrence	54.080000000000005	-32.919999999999995	0	0	87	1	0	0
Kade	53.39900000000001	-20.600999999999992	0	0	74	0	0	0
Calvin	52.28499999999992	-46.71500000000008	-110	-111	99	-205	-209	-207
Ayaan	51.658	-28.342	0	0	80	8	9	0
Nicholas	51.02300000000001	8.023000000000012	-68	36	43	134	-109	-106
Alan	49.449	-49.551	0	0	99	76	0	0
Archie	49.010000000000005	-68.99	0	0	118	117	0	0
Angel M	48.519999999999996	-22.480000000000004	0	0	71	0	0	0
Louis	48.095	-30.904999999999998	0	78	79	41	-76	-76
Sarai	47.795	-64.205	0	0	112	113	-2	-2
Santiago	47.13900000000001	1.139000000000007	0	0	46	-106	100	48
Joaquin	46.905	-12.094999999999999	0	0	59	0	0	0
Melissa	46.887	-68.113	0	0	115	49	80	-1
Grace	45.92900000000003	-296.07099999999997	0	452	342	0	80	84
Dawson	45.045	45.045	-47	-50	0	0	0	0
Julio	43.696999999999996	43.696999999999996	0	0	0	0	-21	-98
Kaylani	43.17799999999977	-446.82200000000023	0	0	490	-20	222	-5
Maddox	42.691000000000045	-98.30899999999995	-44	123	141	-244	197	198
Harvey	40.13299999999998	-80.86700000000002	0	0	121	211	48	0
Frank	39.708	-61.292	0	0	101	102	0	0
Lena	38.94300000000001	72.94300000000001	-27	-30	-34	-36	-13	-35
Gunnar	38.55500000000001	77.555	-33	-65	-39	-41	0	0
Rodrigo	38.17500000000001	31.17500000000001	0	0	7	1	-3	4
Kyler	37.513	37.513	-89	22	0	0	0	0
Mack	36.822	36.822	0	0	0	-102	0	0
Adalynn	36.22	-54.78	11	0	91	90	0	0
Milo	35.141999999999534	35.141999999999534	-6	0	0	0	0	0
Jonah	32.505	32.505	-28	2	0	-5	-31	-38
Sutton F	31.65100000000004	-102.34899999999996	0	0	134	233	0	0
Caleb	31.388	31.388	-30	0	0	0	-32	-29
Audrey	31.366999999999997	6.366999999999998	2	4	25	-39	-3	-41
Lydia	30.168999999999997	45.169	-22	-26	-15	-16	-18	-10
Alicia	30.005999999999993	-37.99400000000001	0	0	68	7	23	1
Brooks	29.22	-51.78	-35	-2	81	-22	182	24
Maximiliano	28.732	-39.268	0	53	68	0	0	13
Otto	28.695	-35.305	0	0	64	55	2	12
Sienna	28.59700000000005	28.59700000000005	0	1203	0	0	-1203	-1199
Emery F	28.320999999999973	28.320999999999973	-31	-27	0	0	0	0
Legacy F	27.855999999999998	-0.1440000000000019	0	0	28	0	0	0
Kenzo	27.635999999999996	-21.364000000000004	0	0	49	0	49	0
Eliana	27.546	-0.4540000000000006	18	-23	28	-42	0	0
Ari M	27.21100000000001	27.21100000000001	0	0	0	-296	0	213
Adelaide	27.110000000000007	26.110000000000007	50	9	1	3	38	40
Hailey	26.519999999999996	43.519999999999996	11	-44	-17	-55	6	0
Isabella	24.623999999999995	28.623999999999995	-30	34	-4	-5	-55	-57
Makenzie	24.540999999999997	-172.459	0	0	197	323	0	0
Aitana	24.107000000000028	-150.89299999999997	0	0	175	403	0	0
Dorian	23.476	-23.524	0	0	47	40	0	0
Lyric F	23.103999999999992	23.103999999999992	0	0	0	1	0	0
Mohamed	22.778999999999968	96.77899999999997	0	0	-74	-146	-151	-80
Harper	22.728	-51.272	0	0	74	-125	261	183
Mathias	22.131999999999998	-19.868000000000002	0	0	42	0	-2	-1
Theodore	22.073999999999998	-2.9260000000000006	0	10	25	0	-22	-20
Eduardo	21.783	-33.217	0	0	55	74	0	0
Declan	20.754	-6.2459999999999996	2	27	27	1	-30	-34
Fernando	20.717	-39.283	0	0	60	49	0	0
Emmy	20.495000000000005	-55.504999999999995	0	0	76	51	41	0
Parker F	19.986999999999995	-37.013000000000005	0	19	57	0	48	19
Ezequiel	19.869999999999994	22.869999999999994	0	0	-3	2	0	0
Blake F	19.459999999999994	114.46	-223	195	-95	-95	-505	-296
Saylor	19.28500000000001	-109.71499999999999	0	0	129	31	-6	201
Jayce	18.926	17.926	0	0	1	0	0	0
Violet	18.511999999999997	18.511999999999997	54	-54	0	0	0	-104
Rosemary	18.45	-6.550000000000001	0	0	25	0	0	0
Lincoln	16.946	16.946	139	-188	0	0	0	0
Raiden	15.624000000000004	-13.375999999999996	0	0	29	-2	0	0
Max	15.379999999999988	-14.620000000000012	5	30	30	0	-25	-25
Mason	15.072999999999999	-8.927000000000001	10	8	24	-20	-22	-21
Kennedi	14.593000000000004	12.593000000000004	0	0	2	0	0	2
Rocco	14.335	-27.665	56	-29	42	-84	-1	-1
Amelia	13.847999999999999	-18.152	0	0	32	35	0	0
Jayden	13.692000000000007	-28.307999999999993	46	-59	42	-98	0	0
Jaden	13.690000000000001	-5.31	0	0	19	1	0	0
Madelynn	12.834	-16.166	0	0	29	31	0	0
Cannon	12.475999999999999	12.475999999999999	-23	0	0	0	0	0
Alaya	12.402000000000001	13.402000000000001	0	0	-1	-8	-2	0
Paislee	12.120000000000001	-9.879999999999999	0	0	22	-3	-2	-2
Arianna	11.854	1.8539999999999994	1	0	10	18	-10	-9
Nathaniel	11.390000000000008	20.390000000000008	1	5	-9	-11	-6	-10
Keanu	11.30699999999996	113.30699999999996	99	2	-102	-101	1	3
Santino	11.192999999999998	-16.807000000000002	0	0	28	26	0	-2
Grayson	11.102	-3.897999999999999	12	0	15	-14	0	0
Niko	11.048	-6.952	0	0	18	1	4	1
Isaac	10.943999999999999	-7.056	0	0	18	18	0	0
Payton	10.392999999999997	-23.607000000000003	1	-1	34	0	2	0
Amari F	9.785	-19.215	0	0	29	29	0	0
Raphael	9.696000000000002	9.696000000000002	-21	4	0	0	0	0
Malik	9.438999999999993	-13.561000000000007	0	0	23	20	-1	0
Abraham	9.334000000000046	9.334000000000046	3	360	0	0	-359	-358
Clara	8.904	-12.096	-3	0	21	22	0	0
Royal M	8.834999999999999	-12.165000000000001	0	0	21	0	12	0
Skye	8.820000000000002	8.820000000000002	0	0	0	0	0	-49
Mia	8.748999999999999	6.748999999999999	0	0	2	2	-19	-18
Malani	8.685	8.685	-13	0	0	0	-3	-4
Pablo	8.671000000000001	10.671000000000001	0	0	-2	-2	0	0
Amiyah	8.281000000000002	0.28100000000000147	6	23	8	-22	-17	-43
Justice F	8.221	-3.779	0	0	12	-1	0	-2
Garrett	8.155999999999999	7.156	0	0	1	0	0	0
Dahlia	8.010000000000002	-10.989999999999998	0	0	19	18	0	0
Rose	7.983999999999998	9.983999999999998	0	0	-2	-22	-3	-20
Autumn	7.979999999999993	19.979999999999993	-2	-3	-12	-38	-40	-36
Mariah	7.908999999999999	-2.0910000000000006	15	-10	10	-21	14	0
Marco	7.815999999999999	-15.184000000000001	0	0	23	39	0	0
Kolton	7.792	-0.20799999999999996	0	0	8	3	0	-1
Shelby	7.777000000000001	-21.223	0	0	29	0	11	48
Viviana	7.632999999999868	-394.36700000000013	0	0	402	991	2	2
Jaxton	7.450999999999997	9.450999999999997	0	0	-2	0	-4	0
Walter	7.380000000000003	17.380000000000003	10	0	-10	-10	-1	-1
Dorothy	7.349999999999994	98.35	0	256	-91	-196	-468	-455
Gael	7.300000000000074	-3.6999999999999256	336	-401	11	11	0	0
Remy F	7.084999999999994	-43.915000000000006	6	0	51	-4	0	-1
Ryan F	6.949999999999999	6.949999999999999	0	0	0	0	0	0
Karson	6.877000000000001	-9.123	0	0	16	5	3	0
Cora	6.796000000000001	9.796000000000001	0	-6	-3	-21	8	-17
Kayleigh	6.588999999999999	-9.411000000000001	0	0	16	15	0	0
Lainey	6.201999999999998	58.202	0	0	-52	-50	-49	-47
Izaiah	5.638000000000005	182.638	1	113	-177	-184	-297	-299
Andrew	5.577999999999998	5.577999999999998	0	0	0	2	0	0
Eleanor	5.477999999999999	5.477999999999999	0	0	0	-18	-22	-20
Conner	5.279999999999999	-2.72	0	0	8	0	0	0
Skylar	5.205	5.205	0	0	0	0	0	-26
Makai	4.705999999999996	22.705999999999996	-7	-1	-18	-15	-21	10
Cristian	4.683	-14.317	0	0	19	7	0	0
Scarlett	4.6690000000000005	31.669	-5	-5	-27	-26	-27	-27
Shiloh F	4.483000000000018	-70.51699999999998	0	0	75	-5	167	-5
Rebecca	4.433999999999969	4.433999999999969	5	0	0	0	0	0
Joshua	4.006	-20.994	49	0	25	-50	0	0
Teagan	3.945	-1.0550000000000002	4	-4	5	0	0	0
Hudson	3.6819999999999986	24.682	11	-10	-21	-22	0	0
Madilynn	3.6140000000000043	49.614000000000004	-3	-2	-46	-46	-48	-49
Jennifer	3.4179999999999993	-4.582000000000001	0	0	8	4	2	2
Leona	3.3920000000000012	-7.607999999999999	0	0	11	0	18	6
Danielle	3.314	-2.686	0	0	6	4	0	0
Genesis F	3.2409999999999997	-5.759	0	0	9	11	0	0
Ella	3.234	-0.7660000000000001	0	0	4	4	-3	-3
Aria	3.148	-1.8519999999999999	0	0	5	2	0	0
Matthew	3.1149999999999998	3.1149999999999998	0	0	0	-7	0	-8
Elliot F	3.1010000000000018	5.101000000000002	0	0	-2	-6	-7	-7
Yaretzi	3.038	3.038	0	0	0	-9	0	-11
Dallas M	2.957	-2.043	0	0	5	2	0	0
Carter M	2.92	-3.08	0	0	6	5	0	0
Addison	2.916	2.916	0	0	0	0	2	1
Adley	2.726	4.726	0	0	-2	-2	-7	-7
Celine	2.468999999999994	-49.531000000000006	0	0	52	0	123	0
Roy	2.4000000000000004	4.4	-6	0	-2	-2	0	0
Alani	2.303000000000001	0.3030000000000008	-2	0	2	-2	15	0
Marley F	2.2470000000000008	2.2470000000000008	-13	11	0	0	0	0
Alia	2.138	-1.862	0	0	4	3	0	0
Nadia	2.122	2.122	0	0	0	0	4	2
Astrid	2.109999999999999	-3.890000000000001	0	0	6	0	-2	-1
Emma	2.073	-1.927	0	0	4	3	0	0
Mackenzie	2.0430000000000064	-22.956999999999994	75	-2	25	-74	0	0
Hector	2.0349999999999997	-1.9650000000000003	0	0	4	-2	1	0
Jose	2.0250000000000052	2.0250000000000052	0	0	0	0	0	-1
Raven	1.9880000000000004	-1.0119999999999996	0	0	3	0	0	-1
Holden	1.8900000000000043	1.8900000000000043	0	5	0	0	-5	-4
Valeria	1.8799999999999955	-28.120000000000005	0	44	30	0	0	0
Emiliano	1.7160000000000029	2.716000000000003	0	0	-1	1	-2	-2
Gideon	1.6999999999999997	-2.3000000000000003	0	0	4	3	0	0
Grant	1.6339999999999995	7.6339999999999995	-9	0	-6	-4	0	0
Aurora	1.568	-0.432	0	0	2	0	0	0
Tristan	1.4870000000001937	-413.5129999999998	981	0	415	-976	2	0
Brandon	1.4589999999999748	154.45899999999997	0	0	-153	-152	-152	-150
Bianca	1.422	-0.5780000000000001	0	0	2	0	0	0
Alaina	1.389999999999997	1.389999999999997	-20	26	0	0	0	0
Bodhi	1.3770000000000004	0.3770000000000004	0	0	1	1	-2	-2
Tatum M	1.365999999999996	1.365999999999996	2	0	0	0	0	0
Lillian	1.349	-0.651	0	0	2	0	1	0
Kennedy	1.276	1.276	0	0	0	-1	0	-4
Jorge	1.222	-1.778	1	2	3	-1	-2	-2
Wynter	1.1659999999999995	4.1659999999999995	0	0	-3	-5	-3	-4
Maggie	1.1380000000000001	-0.8619999999999999	0	0	2	4	-2	-3
Madison	1.125	-9.875	0	-2	11	0	0	0
Caiden	1.0919999999999987	54.092	0	0	-53	-258	-251	-253
Samuel	1.032999999999999	0.03299999999999903	0	0	1	1	-1	0
Jackson	1.0	1.0	-1	-1	0	0	0	0
Asher	0.9559999999999995	2.9559999999999995	0	0	-2	-2	-2	-2
Eva	0.88	0.88	0	-2	0	0	0	0
Hadley	0.8350000000000009	0.8350000000000009	0	-3	0	0	0	0
Sylvia	0.8250000000000001	-0.17499999999999993	0	0	1	0	1	0
Tessa	0.74	-0.26	0	0	1	0	0	0
Daniel	0.7190000000000001	0.7190000000000001	0	0	0	0	2	-1
Luca	0.71	-0.29	0	0	1	0	0	0
Michael	0.6739999999999999	2.674	0	0	-2	-2	-2	-2
Edwin	0.645	-0.355	0	0	1	0	0	0
Myles	0.626	0.626	-1	1	0	0	-2	-2
Vincent	0.6190000000000002	0.6190000000000002	0	-1	0	0	0	0
Stephen	0.61	0.61	0	0	0	0	0	0
Penelope	0.5899999999999999	-1.4100000000000001	0	0	2	0	2	0
Elizabeth	0.56	-1.44	0	0	2	4	0	1
Rhys	0.475000000000001	1.475000000000001	0	0	-1	-2	-1	-1
Riley M	0.42999999999999616	0.42999999999999616	1	0	0	0	0	0
Eden	0.4000000000000341	-1.599999999999966	0	0	2	2	-1	1
Everlee	0.39899999999999913	-10.601	0	0	11	11	9	10
Elliott F	0.3600000000000003	0.3600000000000003	0	0	0	0	0	0
Elsie	0.31900000000000056	0.31900000000000056	0	9	0	0	-12	-10
Ayden	0.2969999999999988	0.2969999999999988	0	0	0	0	0	1
Callan	0.272	0.272	0	0	0	0	0	0
Jaxon	0.23499999999999943	2.2349999999999994	-20	14	-2	-2	-36	-37
Savannah	0.2240000000000002	10.224	7	0	-10	-9	0	0
Fabian	0.21900000000000008	1.219	0	0	-1	0	0	0
Iker	0.18099999999999916	-4.819000000000001	0	0	5	9	0	0
Hugo	0.15399999999999991	0.15399999999999991	0	0	0	0	2	0
Chase	0.10699999999999577	0.10699999999999577	-1	0	0	0	0	0
Adrian	0.1060000000000001	0.1060000000000001	-3	3	0	0	-1	-5
Levi	0.009000000000000008	0.009000000000000008	0	0	0	0	0	0
Charlotte	0.0	1.0	0	0	-1	-1	-1	-1
Yusuf	-0.0020000000000000018	-0.0020000000000000018	0	11	0	0	-12	-10
Remi F	-0.011999999999999789	-1.0119999999999998	0	0	1	1	1	1
Aaron	-0.015000000000000124	-1.0150000000000001	0	0	1	1	1	1
Phillip	-0.04899999999999949	-21.049	0	6	21	0	-6	-6
Kaia	-0.069	-0.069	0	0	0	0	0	0
Thomas	-0.19200000000000023	-0.19200000000000023	2	0	0	-2	0	0
Porter	-0.24799999999999978	-2.2479999999999998	0	0	2	3	0	0
Raelyn	-0.266	-0.266	0	0	0	0	1	3
Heaven	-0.301	-0.301	0	0	0	0	1	0
Nayeli	-0.32299999999999995	-0.32299999999999995	0	0	0	2	2	2
Kayson	-0.388	-0.388	0	0	0	2	0	0
Rowan M	-0.40000000000000036	-0.40000000000000036	0	8	0	0	-7	-10
Kyla	-0.4000000000000341	1.599999999999966	0	0	-2	-2	-1	1
Kylie	-0.407	-0.407	0	1	0	0	0	0
Armando	-0.41100000000000136	-0.41100000000000136	0	0	0	0	1	32
Lilith	-0.424	-0.424	0	1	0	0	0	0
Aubrey	-0.427	-0.427	0	1	0	0	0	0
Paris	-0.448	-0.448	0	0	0	0	1	1
Ali	-0.45599999999999996	-1.456	0	0	1	1	1	0
Cole	-0.4940000000000001	-0.4940000000000001	0	1	0	0	0	0
Ariana	-0.501	-0.501	0	1	0	0	0	0
Jaylen	-0.518	-0.518	0	0	0	0	1	1
Logan M	-0.5830000000000002	-2.583	0	2	2	0	1	4
Martin	-0.613	-0.613	0	0	0	0	1	2
Sage M	-0.616	-0.616	0	0	0	0	0	4
Silas	-0.628	-0.628	0	0	0	0	2	0
Ezekiel	-0.6290000000000021	-0.6290000000000021	0	13	0	0	-14	-15
Alexandria	-0.654	-0.654	0	0	0	2	0	0
Baylor	-0.683	-0.683	0	0	0	0	1	3
Riley F	-0.786	-0.786	0	0	0	0	3	0
Serena	-0.81	-2.81	0	0	2	0	1	-1
Alina	-0.8470000000000004	-0.8470000000000004	0	0	0	0	0	0
Johnathan	-0.927	-0.927	0	0	0	0	3	0
Josephine	-0.952	-0.952	0	0	0	0	4	0
Samantha	-0.9730000000000001	-0.9730000000000001	3	0	0	-4	0	0
Dominic	-0.974	-0.974	0	2	0	0	0	0
Justin	-1.008	-1.008	0	2	0	0	0	0
Malachi	-1.016	-1.016	2	0	0	0	0	0
Abigail	-1.016	-1.016	2	0	0	0	0	0
Isabel	-1.016	-1.016	0	2	0	0	0	0
Joseph	-1.016	-1.016	0	2	0	0	0	0
Tucker	-1.0280000000000005	3.9719999999999995	-19	27	-5	-11	10	-4
Demi	-1.044	-1.044	0	0	0	0	0	6
Jax	-1.049	-2.049	0	0	1	3	-1	-2
Cecilia	-1.068	-0.06800000000000017	1	0	-1	-1	0	0
Layla	-1.1110000000000002	-1.1110000000000002	2	0	0	0	0	2
Gunner	-1.1139999999999999	-1.1139999999999999	0	2	0	0	0	2
Lucas	-1.117	-1.117	2	0	0	0	0	0
Faith	-1.1529999999999987	-1.1529999999999987	0	3	0	0	0	0
Ezra M	-1.1549999999999998	-1.1549999999999998	0	0	0	0	0	15
Cali	-1.2039999999999997	-1.2039999999999997	0	2	0	0	0	2
Carmen	-1.2629999999999995	-3.2629999999999995	0	0	2	2	5	5
Lawson	-1.2759999999999998	-1.2759999999999998	0	0	0	4	0	0
Brooklyn	-1.356000000000006	-1.356000000000006	-63	72	0	0	0	0
Prince	-1.3940000000000006	-1.3940000000000006	2	0	0	-2	0	0
Miracle	-1.4150000000000054	-7.415000000000005	0	0	6	-11	-13	-13
Aisha	-1.4549999999999998	-1.4549999999999998	0	0	0	5	0	0
Jake	-1.4640000000000002	-0.4640000000000002	0	0	-1	5	0	0
Cade	-1.4909999999999952	-1.4909999999999952	0	0	0	564	1	0
Jacob	-1.4969999999999999	-1.4969999999999999	0	0	0	0	3	3
Lorelei	-1.585	-1.585	0	0	0	0	5	0
Raelynn	-1.5860000000000003	-4.586	0	17	3	0	-7	-14
Luna	-1.5939999999999999	-3.594	4	0	2	0	2	0
Callum	-1.614	-1.614	0	0	0	0	4	4
Kaden	-1.6590000000000003	-1.6590000000000003	3	0	0	0	0	0
Kinsley	-1.6849999999999987	-1.6849999999999987	-3	8	0	0	0	0
Quinn F	-1.701	-1.701	0	0	0	0	7	0
Leonel	-1.7649999999999864	-81.76499999999999	0	0	80	82	76	79
Molly	-1.7649999999999988	-1.7649999999999988	0	28	0	0	-27	-29
Hayden F	-1.775	-2.775	3	0	1	1	1	1
Kelsey	-1.8	-1.8	0	4	0	0	0	0
Ivy	-1.8489999999999998	-1.8489999999999998	0	0	0	-4	11	0
Moses	-1.9500000000000002	-1.9500000000000002	0	0	0	0	5	0
Jace	-1.965	-1.965	1	3	0	0	0	0
Brielle	-1.9769999999999999	-1.9769999999999999	0	0	0	0	6	5
Ruth	-1.983	-1.983	0	4	0	0	0	0
Madeline	-2.036	-2.036	0	4	0	0	0	0
Sergio	-2.044	-2.044	0	0	0	0	8	0
Zoey	-2.048	-2.048	4	0	0	0	0	0
Elaine	-2.068	-2.068	4	0	0	0	0	0
Avianna	-2.133	-2.133	0	0	0	0	9	0
Kalani	-2.1590000000000003	-2.1590000000000003	0	0	0	0	7	4
Elias	-2.218	-2.218	0	0	0	0	7	0
Jaliyah	-2.235	-2.235	0	5	0	0	0	0
Noelle	-2.312000000000001	-26.312	23	0	24	-22	-2	-1
Laura	-2.36	-2.36	0	0	0	0	10	0
Avery F	-2.497	-2.497	0	0	0	0	11	0
Julia	-2.535	-2.535	5	0	0	0	0	0
Caroline	-2.566	-2.566	0	0	0	7	1	0
Meadow	-2.571999999999999	-16.572	0	0	14	1	0	0
Albert	-2.748	-2.748	0	6	0	0	0	0
Novah	-2.755	-2.755	0	0	0	0	0	19
Davis	-2.793000000000001	-2.793000000000001	22	-20	0	0	0	0
Mikayla	-2.870000000000001	-2.870000000000001	5	0	0	1	0	1
Thea	-3.013	-4.013	0	0	1	1	4	0
Evie	-3.0599999999999996	-3.0599999999999996	5	0	0	0	0	0
Kian	-3.0760000000000005	-3.0760000000000005	0	0	0	0	0	20
Kaiden	-3.084	-3.084	6	0	0	0	0	0
Cruz	-3.103	-3.103	0	1	0	0	5	-1
Oaklynn	-3.2620000000000005	-15.262	0	0	12	90	0	0
Izabella	-3.461999999999999	-3.461999999999999	0	3	0	0	0	0
Milan M	-3.5039999999999996	-3.5039999999999996	0	0	0	12	0	0
Isaiah	-3.636000000000001	-14.636000000000001	0	12	11	0	10	23
Bristol	-3.771	-3.771	0	0	0	9	0	0
Palmer	-3.8939999999999992	-3.8939999999999992	0	0	0	-1	10	7
Derrick	-3.916999999999927	3.083000000000073	0	307	-7	1314	350	-302
Nina	-3.9850000000000074	5.014999999999993	0	0	-9	-21	10	-22
Kathryn	-4.019000000000013	60.98099999999999	68	0	-65	-68	0	0
Jimena	-4.024	-4.024	8	0	0	0	0	0
Elianna	-4.050000000000001	-4.050000000000001	0	0	0	0	15	0
Haven	-4.076	-4.076	4	4	0	0	0	0
Lennon F	-4.092	-4.092	-2	16	0	0	0	-9
Oakley M	-4.203999999999999	-6.203999999999999	0	0	2	27	0	1
Xavier	-4.2299999999999995	-0.22999999999999993	2	-3	-4	3	0	0
Selena	-4.3469999999999995	-4.3469999999999995	-6	15	0	0	0	0
Phoenix F	-4.354000000000013	-101.35400000000001	0	99	97	0	65	50
Braylon	-4.368	-4.368	8	0	0	0	0	0
Bella	-4.396000000000029	0.6039999999999708	0	0	-5	-2	-1	3
Erik	-4.419	-4.419	0	0	0	28	0	0
Lauren	-4.427999999999997	-35.428	48	-9	31	31	-9	-9
Kyle	-4.522	-4.522	0	0	0	14	0	0
Josue	-4.53	-4.53	0	10	0	0	0	0
Eli	-4.6419999999999995	-4.6419999999999995	8	0	0	1	0	0
Sydney	-4.65	-4.65	0	10	0	0	0	0
Reign F	-4.680000000000001	-4.680000000000001	0	0	0	-2	6	4
Barrett	-4.715000000000001	-4.715000000000001	25	0	0	-23	0	0
Alexa	-4.787999999999999	-4.787999999999999	0	9	0	0	0	9
Joy	-4.911	-4.911	0	0	0	0	0	24
Sadie	-4.989000000000001	-15.989	0	6	11	122	31	-7
Dream	-4.991999999999999	-4.991999999999999	0	0	0	0	9	13
Augustus	-4.994	-4.994	0	0	0	0	10	6
Dior F	-5.01	-5.01	0	10	0	0	0	0
Amaia	-5.031000000000001	-5.031000000000001	9	0	0	0	0	0
Angelo	-5.0329999999999995	-1.0329999999999993	0	0	-4	15	-4	-6
Ayla	-5.05	-5.05	0	10	0	0	0	0
Isabelle	-5.152	-5.152	0	0	0	14	0	0
Brady	-5.1899999999999995	-5.1899999999999995	0	0	0	15	0	0
Colette	-5.194	-5.194	0	50	0	0	-50	-51
Kora	-5.294999999999999	-5.294999999999999	0	0	0	0	42	0
Kaison	-5.3180000000000005	-5.3180000000000005	0	0	0	0	0	28
Jason	-5.318999999999999	-28.319	32	29	23	-30	20	-14
Annie	-5.367999999999998	-4.367999999999998	0	0	-1	-1	5	0
Jameson	-5.502000000000001	-7.502000000000001	0	6	2	0	112	38
Marcos	-5.518000000000001	4.481999999999999	0	0	-10	-8	2	0
Cassius	-5.5200000000000005	-5.5200000000000005	10	0	0	0	0	0
Hannah	-5.981999999999999	-5.981999999999999	0	10	0	0	1	7
Shane	-5.982000000000003	-23.982000000000003	0	0	18	16	61	0
Corbin	-6.056999999999817	-251.05699999999982	0	0	245	978	0	0
Emilia	-6.096	-6.096	12	0	0	0	0	0
Jalen	-6.242000000000001	-5.242000000000001	0	0	-1	38	-1	-1
Angelica	-6.449	5.551	10	0	-12	-10	1	0
Oscar	-6.471	-6.471	6	7	0	0	0	0
Bradley	-6.507999999999998	-6.507999999999998	10	3	0	0	-1	0
Gracelyn	-6.540000000000001	-6.540000000000001	0	0	0	20	0	0
Madeleine	-6.836	-6.836	0	0	0	0	0	42
Raul	-6.842	-6.842	0	0	0	0	15	15
Lennox M	-6.8820000000000014	-24.882	27	0	18	13	0	0
Ashley	-7.004000000000001	-7.004000000000001	-6	-6	0	0	12	64
Simon	-7.021000000000001	-7.021000000000001	7	7	0	0	0	0
Lucille	-7.157	-3.157	8	0	-4	-1	-1	0
Eliza	-7.269000000000034	-225.26900000000003	238	0	218	109	0	0
Lilly	-7.29899999999999	-7.29899999999999	1	14	0	0	0	0
Colson	-7.327	-7.327	0	0	0	17	0	0
Keegan	-7.4739999999999895	28.52600000000001	15	6	-36	-44	-38	-40
Sofia	-7.5969999999999995	-7.5969999999999995	0	4	0	0	0	75
Leonardo	-7.633	-7.633	0	17	0	0	0	0
Lewis	-7.758000000000003	42.242	0	-50	-50	-52	21	18
Poppy	-7.8660000000000005	-7.8660000000000005	0	0	0	25	0	0
Charles	-7.895000000000003	-24.895000000000003	0	0	17	39	17	17
Liam	-7.92	-7.92	0	16	0	0	0	0
Hank	-7.972999999999992	-48.97299999999999	0	0	41	40	59	55
Gianna	-8.051	-4.051	6	0	-4	-7	12	0
Paxton	-8.182	-8.182	0	18	0	0	0	0
David	-8.322999999999922	92.67700000000008	-134	-224	-101	-98	419	-1
Zariah	-8.466	-8.466	0	0	0	0	34	0
Willow	-8.479000000000001	-8.479000000000001	0	0	0	22	1	0
Miles	-8.484	0.5159999999999992	7	0	-9	-6	-1	0
Leah	-8.714999999999998	-15.714999999999998	31	0	7	-22	0	0
Camila	-8.737	-8.737	0	25	0	0	0	-8
Manuel	-8.85	-8.85	0	0	0	59	0	0
Zoe	-8.915	-8.915	0	20	0	0	0	0
Chloe	-8.916	-8.916	0	0	0	0	35	0
Katherine	-8.931	-8.931	19	-1	0	0	0	0
Elaina	-9.045	-9.045	0	18	0	0	16	-15
Avery M	-9.177	-9.177	0	19	0	0	0	0
Leo	-9.337	-9.337	2	18	0	0	0	0
Jensen	-9.57	-9.57	0	22	0	0	0	0
Georgia	-9.6	-9.6	0	20	0	0	0	0
Marshall	-9.839999999999998	-9.839999999999998	0	0	0	0	27	42
Aiden	-9.891	-7.891	0	12	-2	-2	0	33
Allison	-9.896	-9.896	0	25	0	0	0	-26
Emerson M	-9.947	-9.947	0	0	0	27	0	0
Sean	-9.956000000000358	-494.95600000000036	0	0	485	-9	1	-1
Abram	-10.2	-10.2	0	25	0	0	0	0
Alayna	-10.213000000000001	-10.213000000000001	0	0	0	0	33	0
Kai M	-10.334999999999994	-32.334999999999994	6	0	22	-9	0	0
Rachel	-10.367	-10.367	0	21	0	0	0	0
Myla	-10.419	-10.419	0	23	0	0	0	0
Joanna	-10.472999999999999	44.527	-21	-19	-55	-96	39	0
Maverick	-10.482000000000001	-10.482000000000001	0	0	0	0	32	0
Antonella	-10.584	-10.584	0	21	0	0	0	0
Ariyah	-10.964	-0.9640000000000007	0	0	-10	-8	-9	-11
Adonis	-11.09	-11.09	20	0	0	0	0	0
Poyton	-11.322	-11.322	0	0	0	51	0	0
Ivan	-11.845	-11.845	23	0	0	0	0	0
Mckenzie	-12.033999999999999	-14.033999999999999	-13	43	2	0	-53	142
Kate	-12.346	-2.345999999999999	0	0	-10	-11	23	42
Kaylee	-12.36	-12.36	0	21	0	0	10	0
Victoria	-12.512	-12.512	0	0	0	0	34	0
Roberto	-13.412	-13.412	0	0	0	0	16	52
Matias	-13.450000000000001	-13.450000000000001	25	0	0	0	0	0
Aubree	-13.996	-13.996	0	22	0	0	5	6
Jordan F	-14.074999999999998	-14.074999999999998	0	0	0	0	46	22
Charley	-14.090000000000002	-14.090000000000002	0	30	0	0	1	0
Lucy	-14.145999999999999	-14.145999999999999	0	31	0	0	0	0
Aurelia	-14.203000000000001	-14.203000000000001	0	0	0	0	44	0
Logan F	-14.229000000000013	-138.229	125	0	124	123	1	0
Jayleen	-14.293000000000005	-14.293000000000005	81	0	0	-106	31	-27
Alexis M	-14.314	-14.314	0	0	0	0	39	11
Lorenzo	-14.459000000000003	-14.459000000000003	20	19	0	-21	18	0
Jayla	-14.585999999999999	-19.586	0	17	5	3	13	40
Rylee	-14.596999999999996	-14.596999999999996	0	0	0	0	0	26
Wren	-14.719000000000001	-14.719000000000001	0	0	0	0	75	0
Everly	-14.987999999999998	-10.987999999999998	0	0	-4	-4	25	32
Charlie M	-15.092999999999996	-0.09299999999999731	0	-1	-15	-14	4	43
Alijah	-15.194999999999997	-16.194999999999997	0	0	1	1	63	-4
Mateo	-15.33	-15.33	30	0	0	0	0	0
Esteban	-15.488	-15.488	0	0	0	0	49	0
Alana	-15.488	-15.488	0	26	0	0	28	-26
Nikolai	-15.723	-15.723	30	0	0	0	0	0
Claire	-15.756999999999998	-16.756999999999998	29	0	1	0	0	0
Julianna	-15.988999999999976	-171.98899999999998	0	0	156	305	0	0
Colton	-16.48	-9.48	14	0	-7	-14	0	0
Kaysen	-16.521	-16.521	0	0	0	0	65	0
Adelynn	-16.604999999999997	-28.604999999999997	0	0	12	89	0	0
Ace	-16.637999999999998	-16.637999999999998	3	33	0	0	0	0
Atlas	-17.183999999999994	-17.183999999999994	0	-12	0	0	0	0
Kayden	-17.237	-17.237	0	41	0	0	0	0
April	-17.349	-17.349	1	19	0	0	29	19
Miranda	-17.695	-4.695	15	7	-13	-6	-5	-5
Octavia	-17.921	-17.921	0	0	0	0	54	18
Armani F	-17.930000000000007	-17.930000000000007	133	0	0	-264	0	-135
Emmanuel	-18.048000000000002	-18.048000000000002	34	0	0	0	0	0
Nora	-18.219	1.7810000000000006	20	0	-20	-19	0	0
Cyrus	-18.756	-19.756	0	0	1	72	0	0
Aviana	-18.855999999999998	-18.855999999999998	0	37	0	0	-38	116
Kannon	-18.936	5.064	0	0	-24	-24	-24	0
Dante	-18.965	-18.965	0	46	0	0	0	0
Zion	-19.009000000000004	-20.009000000000004	-2	-3	1	796	-2	0
Natalie	-19.13000000000001	-44.13000000000001	74	0	25	-85	100	-10
Raegan	-19.220000000000002	-19.220000000000002	36	0	0	0	-1	0
Laila	-19.37	-19.37	0	39	0	0	0	0
Andres	-19.5	-19.5	0	41	0	0	0	0
Russell	-19.739999999999995	-19.739999999999995	0	0	0	0	50	1
Emmett	-19.741	-19.741	0	50	0	0	0	0
Andy	-19.988999999999997	-19.988999999999997	0	0	0	0	59	24
Lia	-20.076	-20.076	0	0	0	0	53	37
Elliott M	-20.102	-20.102	0	41	0	0	0	0
Briar F	-20.14100000000001	-23.14100000000001	47	3	3	5	0	0
Eloise	-20.154000000000007	-20.154000000000007	-5	52	0	0	3	0
Madilyn	-20.206000000000024	-51.206000000000024	0	0	31	12	16	-8
Everett	-20.529	-20.529	48	0	0	-39	0	0
Memphis	-20.665000000000003	-20.665000000000003	0	42	0	0	0	0
Arjun	-20.87799999999997	-116.87799999999997	0	200	96	0	0	-1
Evelyn	-21.198999999999984	176.80100000000002	199	0	-198	-202	0	0
Sloane	-21.231000000000005	16.768999999999995	45	1	-38	102	0	0
Evangeline	-21.372	-21.372	39	0	0	0	0	0
Bentley	-21.536999999999964	-21.536999999999964	0	200	0	0	-143	-199
Natalia	-21.783999999999995	-21.783999999999995	0	1	0	0	51	41
Pedro	-21.811999999999998	-21.811999999999998	0	0	0	0	12	100
Crew	-21.835000000000004	-21.835000000000004	26	0	0	27	0	0
Gracelynn	-21.863000000000007	-21.863000000000007	37	0	0	-11	0	0
Felix	-22.074	-22.074	41	0	0	0	0	0
Jasiah	-22.160000000000004	-22.160000000000004	0	0	0	80	0	0
Kimberly	-22.16900000000001	-61.16900000000001	41	0	39	155	0	0
Omari	-22.218	-22.218	0	48	0	0	0	0
Sierra	-22.65	-22.65	0	46	0	0	0	0
Lexi	-22.72999999999999	-247.73	0	0	225	1	9	-16
Franklin	-23.189	-24.189	0	0	1	1	187	1
Ariel F	-23.797000000000025	-252.79700000000003	124	0	229	-127	-1	-1
Baker	-23.862000000000005	-23.862000000000005	-6	22	0	0	43	50
Holly	-23.954999999999995	-23.954999999999995	0	0	0	0	7	127
Anderson	-24.42100000000073	1309.5789999999993	0	8	-1334	-1333	-1287	-1278
Nicole	-24.480000000000008	-24.480000000000008	0	53	0	0	-54	-54
Abby	-24.997	-31.997	0	61	7	0	0	0
Daxton	-25.253000000000043	-498.25300000000004	899	0	473	-399	0	0
Sonny	-25.414	-25.414	0	52	0	0	0	0
Noel	-25.720999999999997	-25.720999999999997	0	0	0	0	55	51
Hattie	-25.729999999999997	-25.729999999999997	0	0	0	0	104	0
Nia	-25.732000000000003	-25.732000000000003	0	8	0	0	-7	-6
Maliyah	-25.948999999999995	-17.948999999999995	0	0	-8	-6	72	-4
Amina	-26.708	-26.708	0	0	0	0	52	235
Iris	-27.392000000000003	-27.392000000000003	49	0	0	0	0	0
Renata	-27.75	-27.75	0	0	0	0	55	70
Keira	-27.753000000000014	75.24699999999999	0	0	-103	-100	-83	60
Jasper	-27.959000000000003	-27.959000000000003	0	53	0	0	0	0
Ruby	-28.599999999999998	-28.599999999999998	53	19	0	1	-16	-20
Enrique	-29.592999999999996	-23.592999999999996	0	20	-6	47	30	-22
Charlee	-29.90000000000002	-32.90000000000002	2	43	3	2	46	-46
Daisy	-30.327	-30.327	1	72	0	0	0	0
Aidan	-30.464000000000002	-30.464000000000002	56	0	0	0	0	0
Samson	-30.747999999999998	-30.747999999999998	50	0	0	0	0	0
Hanna	-31.065	-31.065	57	0	0	0	0	0
Remington M	-31.396	114.604	-13	84	-146	-154	-242	-249
Elise	-31.756999999999998	-31.756999999999998	0	60	0	0	59	-60
Damien	-31.867000000000004	-28.867000000000004	0	65	-3	0	44	-63
Ana	-31.90300000000002	-31.90300000000002	452	-467	0	0	0	0
Kobe	-32.079	-32.079	0	60	0	0	19	1
Priscilla	-32.095	-32.095	0	68	0	0	0	0
Adeline	-32.315	-32.315	0	0	0	99	0	0
Drake	-32.844	-32.844	0	0	0	119	0	0
Nola	-32.86699999999985	736.1330000000002	52	-544	-769	-674	-688	-696
Adalyn	-33.15300000000002	-38.15300000000002	-13	93	5	0	-63	29
Jesus	-33.217	55.783	-71	-76	-89	632	0	0
Bo	-34.79	-34.79	0	71	0	0	0	0
Nico	-34.79599999999999	-34.79599999999999	58	1	0	0	0	0
Gwendolyn	-35.174	-35.174	0	0	0	0	38	199
Leila	-35.257000000000005	-28.257000000000005	68	0	-7	-70	0	0
Beatrice	-35.773999999999994	-35.773999999999994	0	77	0	0	0	-1
Amy	-36.897999999999996	-36.897999999999996	0	0	0	1	106	0
Moshe	-37.03	8.97	0	0	-46	0	0	0
Matthias	-37.22599999999999	-38.22599999999999	0	0	1	0	98	37
Alma	-38.480000000000004	-38.480000000000004	74	0	0	0	0	0
Denver M	-38.973000000000006	-38.973000000000006	0	20	0	0	83	23
Sophie	-39.234	-39.234	-1	78	0	0	0	0
Casey	-39.247	-39.247	0	0	0	0	247	1
Regina	-39.589	42.411	0	0	-82	-79	1	19
Erick	-40.41	-40.41	69	0	0	0	0	0
Damon	-40.82699999999997	-41.82699999999997	0	0	1	-12	0	0
Finnegan	-40.864000000000004	-37.864000000000004	0	0	-3	0	218	15
Leia	-41.172	-41.172	0	116	0	0	3	-114
Edith	-41.348	-17.348000000000003	0	0	-24	-25	43	118
Beckham	-41.458	-41.458	76	0	0	0	0	0
Leighton F	-41.54500000000003	-41.54500000000003	0	0	0	0	102	4
Callen	-42.315000000000005	-42.315000000000005	0	93	0	0	0	0
Miriam	-43.376000000000005	-68.376	100	0	25	25	0	0
Finley F	-43.578	-43.578	0	59	0	0	91	-59
Mariana	-44.1	-44.1	0	98	0	0	0	0
Tyler	-44.766999999999996	-44.766999999999996	46	0	0	48	0	0
Axel	-45.346000000000174	-344.3460000000002	0	0	299	0	1127	0
Catherine	-45.6	-45.6	0	100	0	0	0	0
Ryker	-45.614000000000004	-45.614000000000004	0	100	0	0	0	0
Zayden	-45.619999999999955	-34.619999999999955	-232	461	-11	-11	189	40
Cayden	-45.753	-45.753	0	101	0	0	0	0
Christian	-45.983000000000004	-45.983000000000004	0	101	0	0	0	0
Zachariah	-46.150000000000006	-46.150000000000006	0	96	0	0	0	0
Dexter	-46.245999999999995	-46.245999999999995	99	2	0	0	0	0
Adriel	-46.339	-46.339	0	97	0	0	0	0
Micah	-46.467000000000006	-51.467000000000006	97	0	5	-5	0	0
Bryce	-46.617999999999995	-46.617999999999995	0	105	0	0	0	0
Mary	-47.099000000000004	-47.099000000000004	89	0	0	0	0	0
Fernanda	-48.128	-48.128	0	0	0	0	188	0
Trinity	-48.273	-48.273	0	49	0	0	40	99
Easton	-48.36399999999999	-100.36399999999999	0	145	52	3	-145	-145
Zane	-48.505	-48.505	89	0	0	0	0	0
Vivian	-48.681999999999995	-48.681999999999995	0	101	0	0	0	0
Emanuel	-48.75599999999999	-50.75599999999999	0	0	2	0	104	173
Lyra	-48.935	-48.935	0	0	0	0	130	0
Camille	-48.963	-48.963	0	1	0	0	212	52
Rowan F	-49.14	-49.14	90	0	0	0	0	0
Anaya	-49.211	-49.211	0	0	0	98	0	0
Ronan	-49.273999999999994	-44.273999999999994	89	0	-5	-26	0	0
Haisley	-49.49699999999999	-43.49699999999999	0	0	-6	-6	144	175
Roman	-49.599999999999994	-49.599999999999994	0	100	0	0	0	0
Haley	-49.632999999999996	-49.632999999999996	0	102	0	0	0	0
Maeve	-49.69	-49.69	0	100	0	0	0	0
Derek	-50.041000000000004	-50.041000000000004	0	91	0	0	41	0
Rafael	-50.127	40.873	88	0	-91	-12	0	0
Catalina	-50.32300000000001	-50.32300000000001	0	105	0	0	-102	-103
Lukas	-50.5	-50.5	100	0	0	0	0	0
Ximena	-50.512	-50.512	0	101	0	0	0	0
Maddison	-50.77499999999995	66.22500000000005	0	0	-117	-121	-20	33
Margot	-50.89000000000001	-50.89000000000001	0	114	0	0	0	1
Alice	-50.99999999999999	-50.99999999999999	100	0	0	0	0	0
Arabella	-51.040000000000006	-51.040000000000006	0	102	0	0	0	0
Gia	-51.106	-51.106	0	0	0	0	152	0
Gabriella	-51.699999999999996	-51.699999999999996	0	103	0	0	0	0
Valerie	-52.449000000000005	-18.449000000000005	32	0	-34	28	0	0
Brantley	-52.824000000000005	44.175999999999995	96	0	-97	-97	0	0
Giovanni	-53.13799999999999	-28.137999999999995	63	-11	-25	21	0	0
Leon	-53.357	-53.357	99	0	0	0	0	0
Graham	-54.94200000000001	-70.94200000000001	146	0	16	-15	0	0
Timothy	-55.57	-55.57	101	0	0	0	0	0
Alessia	-55.811	-55.811	0	111	0	0	0	0
Khloe	-56.0379999999999	-56.0379999999999	0	-12	0	0	0	0
Andrea	-56.26199999999999	-56.26199999999999	0	133	0	0	-45	10
Kinley	-56.412000000000006	-56.412000000000006	0	0	0	0	124	124
Briggs	-57.669999999999995	-57.669999999999995	0	0	0	0	0	329
Annalise	-58.21099999999998	-58.21099999999998	0	0	0	0	0	432
Liliana	-58.213	-21.213	38	0	-37	21	0	0
Ember	-60.43999999999999	-60.43999999999999	-103	250	0	0	0	0
Maya	-62.15599999999999	-62.15599999999999	-8	109	0	0	46	79
Braylen	-62.32	-62.32	0	152	0	0	0	0
Ailani	-62.354000000000006	-62.354000000000006	113	0	0	0	0	0
Gerardo	-62.46799999999999	-64.46799999999999	0	0	2	149	0	0
Edward	-62.585	-62.585	121	1	0	0	0	0
Oliver	-62.837999999999994	-60.837999999999994	0	523	-2	0	-407	-518
Reid	-64.80799999999999	50.192000000000014	21	-47	-115	-61	-45	-45
Brooklynn	-65.26	-29.260000000000005	35	-6	-36	-29	73	0
Kingston	-67.35199999999998	286.648	350	0	-354	-349	0	0
Karter M	-67.504	-67.504	-1	11	0	0	200	-11
Luka	-67.89399999999998	-40.89399999999998	-1	93	-27	-28	13	44
Huxley	-68.08	14.92	45	-32	-83	180	0	0
Messiah	-68.14699999999999	-68.14699999999999	0	-3	0	0	0	0
Zain	-69.70800000000004	-69.70800000000004	522	-429	0	0	0	0
Cody	-70.104	56.896	86	2	-127	0	0	0
Luciana	-70.312	-70.312	0	0	0	0	151	147
Preston	-71.04999999999998	-71.04999999999998	0	21	0	1	190	-20
William	-71.24000000000001	-71.24000000000001	0	0	0	260	0	0
Tate	-72.502	-72.502	0	0	0	0	201	202
Amira	-72.92099999999995	3.0790000000000486	72	0	-76	-77	3	-2
Rhett	-74.521	-101.521	157	10	27	28	2	2
Bryan	-75.11700000000002	-118.11700000000002	0	308	43	0	-207	0
Nash	-75.26700000000001	-75.26700000000001	-2	188	0	0	96	-135
Jazlyn	-75.61699999999999	-74.61699999999999	1	0	-1	357	0	0
Elena	-75.752	-75.752	72	72	0	0	0	0
Brinley	-77.49199999999999	-77.49199999999999	0	0	0	0	194	130
Tobias	-78.578	-177.578	253	0	99	12	0	0
Victor	-79.10000000000001	-79.10000000000001	154	0	0	0	0	0
Macie	-80.3	-80.3	0	0	0	292	0	0
London F	-80.47000000000001	18.529999999999983	99	6	-99	-2	1	0
Sawyer F	-81.0	-81.0	150	0	0	0	0	0
Kamila	-83.09299999999999	-83.09299999999999	0	6	0	-1	206	223
Amir	-83.197	-83.197	158	0	0	0	0	0
Robert	-85.678	-85.678	-195	374	0	0	0	0
Jade	-85.96799999999995	-85.96799999999995	0	175	0	0	-10	27
Mallory	-86.53700000000009	364.4629999999999	213	-491	-451	-455	0	0
Ismael	-87.82999999999991	-92.82999999999991	0	0	5	3	38	1186
Kieran	-88.29599999999998	-6.295999999999979	82	0	-82	-83	1	-6
Kensley	-89.77900000000001	-89.77900000000001	0	0	0	316	0	0
Sullivan	-90.73400000000002	-93.73400000000002	0	0	3	550	7	2
Jenna	-91.55200000000002	-91.55200000000002	0	206	0	0	0	0
Amaya	-92.52700000000003	-92.52700000000003	0	189	0	0	9	9
Braxton	-92.79899999999999	-92.79899999999999	283	-99	0	0	0	0
Summer	-94.04499999999999	-94.04499999999999	0	189	0	0	0	0
Austin	-95.26	-95.26	0	208	0	0	0	0
Emilio	-95.522	75.478	170	0	-171	-172	0	0
Khalil	-95.84900000000015	-100.84900000000015	0	100	5	13	113	142
Callie	-96.057	-96.057	0	189	0	0	0	0
Wilder	-96.13299999999998	12.867000000000026	0	0	-109	-115	-15	267
Arlo	-96.18900000000025	-497.18900000000025	0	1001	401	0	-197	-752
Kylan	-96.64600000000002	-96.64600000000002	-49	177	0	0	101	200
Zyaire	-97.24799999999992	-97.24799999999992	0	0	0	0	332	40
Zuri	-97.83100000000002	-97.83100000000002	175	0	0	0	0	0
Kaitlyn	-98.08500000000001	-98.08500000000001	195	0	0	0	0	0
Kevin	-98.388	53.612	191	1	-152	-195	0	0
Francisco	-98.742	-98.742	0	0	0	265	0	0
Kameron	-98.94	-98.94	0	248	0	0	114	-249
Kamryn F	-98.993	-98.993	0	0	0	308	0	0
Marcus	-99.389	-99.389	0	200	0	0	0	0
Bailey	-99.396	-99.396	0	198	0	0	0	0
Esme	-99.44499999999998	-99.44499999999998	0	0	0	0	0	553
Dakota F	-99.59799999999998	-99.59799999999998	0	199	0	0	-37	133
Hayes	-99.681	-99.681	0	222	0	0	0	0
Norah	-99.84	-99.84	195	0	0	0	0	0
Ophelia	-99.86800000000005	-99.86800000000005	0	0	0	0	332	205
Eden F	-99.93300000000004	-100.93300000000004	0	212	1	0	-209	385
Arielle	-100.06400000000002	-100.06400000000002	0	0	0	0	200	741
Donovan	-100.07900000000001	-100.07900000000001	0	0	0	0	392	153
Judah	-100.177	-100.177	-101	321	0	0	0	0
Peter	-100.252	-100.252	0	201	0	0	0	0
Annabelle	-100.26699999999998	-100.26699999999998	0	221	0	0	0	0
Jessica	-100.4	-100.4	0	0	0	0	0	502
Elliana	-100.428	-100.428	0	198	0	0	0	0
Beckett	-100.466	-100.466	0	0	0	0	273	99
Makenna	-100.5320000000001	199.4679999999999	0	0	-300	493	-697	-703
Troy	-100.63900000000007	-99.63900000000007	0	0	-1	0	397	0
Dax	-100.697	-100.697	0	0	0	0	222	278
Kason	-101.29599999999999	-53.295999999999985	0	0	-48	-49	323	254
Forrest	-101.33099999999999	-101.33099999999999	0	0	0	0	366	50
Rosie	-101.84300000000002	-101.84300000000002	0	0	0	0	265	200
Kashton	-102.35000000000004	-102.35000000000004	0	199	0	0	218	-201
Harley F	-102.90000000000003	-102.90000000000003	2	183	0	0	-177	297
Felicity	-103.16899999999997	-105.16899999999997	0	0	2	0	281	403
Journey	-104.08499999999998	-104.08499999999998	180	3	0	0	0	0
Dakota M	-104.52000000000005	-98.52000000000005	0	0	-6	0	248	303
Kenneth	-109.008	-109.008	0	181	0	0	50	118
Clark	-109.236	-109.236	0	0	0	0	402	48
Kailani	-109.24599999999998	-9.245999999999988	100	0	-100	-104	0	0
Zaiden	-109.662	-109.662	0	222	0	0	0	0
Lyla	-110.55299999999993	-110.55299999999993	-375	602	0	0	127	-368
Emelia	-110.95899999999996	-110.95899999999996	0	0	0	0	201	298
Katalina	-113.71299999999997	-143.71299999999997	296	-10	30	-22	-18	-20
Caden	-115.11800000000002	-97.11800000000002	8	200	-18	541	-198	-199
Emily	-115.682	-115.682	0	279	0	0	0	0
Rowen	-116.869	47.13100000000001	0	57	-164	-166	45	41
Luke	-117.64999999999998	-76.64999999999998	204	0	-41	-65	0	10
Brayden	-118.66100000000006	-209.66100000000006	361	-88	91	155	-25	-25
Erin	-120.05600000000001	-120.05600000000001	0	266	0	0	0	-268
Hendrix	-121.636	-24.635999999999996	102	0	-97	-100	0	0
Millie	-123.10900000000001	-23.109	100	0	-100	0	0	0
Stevie	-123.96000000000005	-123.96000000000005	0	0	0	0	129	465
Angelina	-124.96700000000001	-124.96700000000001	227	0	0	0	0	0
Presley	-126.17399999999999	-25.173999999999992	0	52	-101	-102	228	-143
Selah	-126.52399999999997	-140.52399999999997	0	0	14	712	0	0
Emmitt	-127.82300000000018	197.17699999999982	1061	-269	-325	-1961	-639	-635
Alaia	-128.42200000000003	-128.42200000000003	0	265	0	0	0	0
Arthur	-131.922	-131.922	0	209	0	0	2000	0
Armani M	-135.38699999999997	-67.38699999999997	69	39	-68	-66	39	38
Brianna	-136.87399999999997	-136.87399999999997	0	304	0	0	40	-86
Milani	-141.104	-141.104	253	0	0	0	0	0
Kash	-144.62999999999997	-144.62999999999997	0	315	0	0	0	0
Apollo	-144.633	-142.633	0	0	-2	0	306	303
Seth	-146.04600000000002	-150.04600000000002	0	0	4	1	1	-10
Gemma	-146.18200000000002	-48.18200000000001	95	0	-98	86	0	0
Lilliana	-146.8370000000001	-489.8370000000001	0	0	343	7	357	0
Diana	-147.40299999999996	-147.40299999999996	5	349	0	0	64	-352
Bryson	-148.41099999999997	-148.41099999999997	265	-2	0	0	0	0
Jolene	-150.241	-150.241	0	0	0	0	530	99
Desmond	-150.57599999999996	-150.57599999999996	0	0	0	0	483	238
Charleigh	-151.13200000000003	-152.13200000000003	0	0	1	587	0	0
Cesar	-151.25099999999998	-167.25099999999998	0	0	16	308	353	325
Adan	-152.15299999999996	-152.15299999999996	0	0	0	695	0	0
Jocelyn	-152.335	-152.335	275	0	0	0	0	0
Serenity	-153.34200000000004	-153.34200000000004	0	0	0	0	345	304
Stephanie	-156.29700000000008	-502.2970000000001	0	0	346	1445	0	0
Thiago	-156.60800000000003	-156.60800000000003	0	450	0	0	0	-447
Elijah	-157.122	-157.122	-1	323	0	0	0	0
Makayla	-158.9990000000003	-439.9990000000003	0	0	281	0	1049	993
Lilah	-159.206	-159.206	300	0	0	0	0	0
George	-160.215	-56.215	107	0	-104	70	0	0
Kiara	-160.71999999999989	-160.71999999999989	0	404	0	0	-400	159
Devin	-162.238	-162.238	0	0	0	0	365	326
Wade	-167.6799999999978	1273.3200000000022	0	0	-1441	-1417	-1120	460
Imani	-168.8939999999999	-92.8939999999999	0	294	-76	-75	2	0
Margaret	-168.993	-168.993	313	0	0	2	0	0
Ryder	-172.19900000000013	-174.19900000000013	0	152	2	0	443	358
Juliet	-175.98999999999995	-175.98999999999995	548	0	0	-816	-271	0
Eric	-178.44299999999998	-178.44299999999998	0	382	0	0	0	44
Drew M	-180.01999999999998	-180.01999999999998	0	405	0	0	0	0
Kira	-183.26799999999994	-123.26799999999994	0	0	-60	-61	1818	120
Amalia	-188.08100000000002	10.91899999999999	-99	101	-199	-302	346	502
Omar	-189.09300000000002	-189.09300000000002	148	0	0	298	1	0
Sabrina	-190.533	-190.533	0	0	0	0	196	672
Averie	-194.03199999999998	-87.03199999999998	0	0	-107	-113	335	337
Nathan	-194.05499999999998	-209.05499999999998	344	-1	15	0	0	0
Sara	-195.0569999999999	-293.0569999999999	260	304	98	242	-309	-298
Winston	-195.14899999999997	-198.14899999999997	0	0	3	-2	523	0
Josiah	-196.054	-196.054	0	402	0	0	50	0
Kendrick	-196.38099999999991	-195.38099999999991	0	0	-1	-1	267	717
Maxwell	-198.20400000000004	-200.20400000000004	0	0	2	650	0	0
Abdiel	-198.72200000000004	-68.72200000000002	129	0	-130	-131	152	151
Israel	-198.767	-198.767	390	0	0	0	0	0
Maximus	-199.688	-199.688	0	434	0	0	0	0
Lucca	-199.79099999999994	-199.79099999999994	0	0	0	0	565	192
Ariah	-200.523	-200.523	0	0	0	0	178	808
Angel F	-200.58999999999995	-200.58999999999995	0	0	0	121	169	603
Jonas	-201.47400000000002	-201.47400000000002	0	0	0	0	430	412
Luciano	-201.6289999999999	-200.6289999999999	0	0	-1	-2	492	242
Richard	-201.95300000000003	-352.95300000000003	275	0	151	79	0	0
Tyson	-202.50000000000009	-198.50000000000009	0	0	-4	0	782	118
Helen	-203.05299999999997	-202.05299999999997	0	0	-1	0	485	1012
Colt	-203.65300000000008	-107.65300000000008	98	0	-96	175	-2	0
Gregory	-204.062	-204.062	0	0	0	0	0	1005
Connor	-204.35199999999998	-108.35199999999998	100	-100	-96	100	198	200
Santana	-205.70399999999998	-205.70399999999998	395	0	0	0	0	0
Noah M	-209.01899999999986	-209.01899999999986	541	-166	0	0	0	0
Addilyn	-210.56400000000025	-40.56400000000025	0	0	-170	-128	-135	125
Alex	-215.29000000000002	-215.29000000000002	0	446	0	0	0	0
Steven	-216.33	-216.33	424	-36	0	0	0	0
Harlow	-216.64599999999996	-216.64599999999996	0	0	0	625	0	0
Josie	-218.19	-97.18999999999998	125	0	-121	244	0	-1
Remy M	-223.04500000000002	-223.04500000000002	0	0	0	0	707	98
Ariella	-223.4840000000001	-224.4840000000001	440	0	1	0	0	0
Oaklyn	-226.8310000000001	-225.8310000000001	0	1189	-1	14	-890	-793
Elliot M	-229.0259999999997	-229.0259999999997	0	1221	0	0	317	-1170
Michelle	-233.16100000000023	-494.16100000000023	0	0	261	-2	-2	0
Genevieve	-237.12599999999998	-202.12599999999998	336	0	-35	152	0	-2
Kenzie	-238.04500000000007	540.9549999999999	0	0	-779	-780	9	975
Jay	-241.528	-241.528	0	0	0	0	497	1002
Jack	-241.87500000000003	-84.87500000000003	155	0	-157	-156	368	0
Julius	-244.99	-244.99	0	0	0	515	0	0
Mario	-245.45200000000008	-251.45200000000008	0	0	6	6	704	0
Blake M	-246.61000000000016	-246.61000000000016	-249	710	0	0	0	0
Lila	-246.79200000000003	-246.79200000000003	0	498	0	0	0	0
Joel	-249.43399999999997	-249.43399999999997	493	0	0	0	0	0
Kendall	-249.54899999999998	-249.54899999999998	423	0	0	0	0	0
Amara	-252.57600000000002	-252.57600000000002	486	0	0	0	0	0
Naomi	-253.12100000000007	-253.12100000000007	484	0	0	0	0	0
Tanner	-256.604	-256.604	0	0	0	0	582	1099
Melanie	-259.858	-259.858	499	0	0	0	0	0
Stetson	-260.538	-260.538	0	414	0	0	199	200
Mae	-262.74899999999997	-262.74899999999997	0	502	0	0	101	97
Jeremiah	-265.013	-265.013	515	0	0	0	0	0
Malcolm	-265.719	-265.719	-201	901	0	0	0	0
Knox	-265.9030000000002	-467.9030000000002	700	0	202	200	0	0
Jordan M	-273.215	-72.21499999999997	151	-38	-201	-205	168	-2
Phoebe	-280.586	-100.586	182	0	-180	196	0	0
Adam	-283.6269999999999	-283.6269999999999	0	551	0	0	0	0
Hunter M	-285.3520000000001	-140.35200000000006	266	0	-145	130	0	0
Atticus	-287.8659999999998	-399.8659999999998	568	0	112	122	1	0
Zander	-289.31299999999993	-289.31299999999993	0	1104	0	0	-216	-1100
King	-295.37399999999997	-102.37399999999998	197	0	-193	121	0	0
Allen	-298.65700000000015	-499.65700000000015	0	0	201	0	1000	911
Griffin	-299.31600000000003	-299.31600000000003	0	648	0	0	-49	121
Malakai	-299.6820000000002	-298.6820000000002	0	665	-1	0	-13	-657
Gage	-300.351	-300.351	0	0	0	0	1	1670
Patrick	-303.33200000000033	-303.33200000000033	0	381	0	0	228	372
Alyssa	-304.267	-304.267	-195	802	0	0	150	308
Jaiden	-309.4299999999999	-484.4299999999999	0	0	175	2675	0	1
Kyson	-318.58199999999994	-318.58199999999994	0	0	0	0	1026	414
Marlee	-319.7859999999999	-319.7859999999999	0	0	0	0	671	771
Braelynn	-320.54800000000006	-30.548000000000044	0	0	-290	-323	209	-314
Greyson	-322.262	-313.262	0	663	-9	-11	-10	-11
Henry	-324.03899999999976	-324.03899999999976	0	311	0	0	541	-307
Zelda	-329.09999999999997	-334.09999999999997	0	496	5	-10	260	396
Kamden	-334.96400000000006	-335.96400000000006	0	0	1	0	236	203
Adelyn	-338.1290000000001	-502.1290000000001	948	0	164	-959	0	0
Everleigh	-345.36199999999997	-145.362	486	-21	-200	-200	0	0
Cataleya	-349.3720000000001	-349.3720000000001	0	0	0	0	0	2478
Vera	-351.01700000000005	-200.01700000000002	153	0	-151	360	0	0
Nyla	-356.50600000000003	-356.50600000000003	655	0	0	0	0	0
Jane	-356.57100000000025	-316.57100000000025	785	-111	-40	-971	-69	-72
Aliyah	-372.51500000000004	-372.51500000000004	0	749	0	0	0	0
Zachary	-379.4860000000001	-379.4860000000001	0	760	0	0	0	0
Jaime	-385.77700000000016	-442.77700000000016	0	0	57	0	-8	1695
Ruben	-387.1559999999997	-387.1559999999997	0	0	0	3722	0	0
Amirah	-399.72700000000015	-399.72700000000015	730	0	0	0	0	0
Maisie	-400.5229999999997	-400.5229999999997	0	0	0	0	1370	603
Hayden M	-400.556	-107.55599999999997	758	0	-293	0	0	0
Francesca	-404.027	-404.027	0	0	0	18	1014	922
Harrison	-409.365	-409.365	753	0	0	0	0	0
Warren	-415.27399999999983	-412.27399999999983	0	0	-3	12001	-3	0
Grady	-417.8519999999999	39.14800000000006	0	0	-457	-459	-453	-376
Jeremy	-435.0030000000001	-436.0030000000001	799	0	1	82	0	0
Archer	-437.46099999999996	-238.46099999999996	190	292	-199	300	-299	145
Talia	-458.40899999999993	-459.40899999999993	0	0	1	0	1573	415
Giselle	-464.78700000000003	-464.78700000000003	0	0	0	0	10	2551
Kyrie	-465.00399999999996	-465.00399999999996	0	937	0	0	0	0
Abel	-466.7939999999996	-466.7939999999996	0	1036	0	0	-1030	-1030
Johnny	-469.4659999999999	-498.4659999999999	0	0	29	18	22	0
Muhammad	-470.21299999999997	-470.21299999999997	822	0	0	0	0	0
Malia	-474.508	-474.508	0	0	0	0	1127	1098
Killian	-474.97700000000015	-475.97700000000015	0	0	1	5	1747	3
Adaline	-475.78700000000015	-501.78700000000015	906	0	26	0	0	0
Evan	-478.71200000000005	-478.71200000000005	922	0	0	0	0	0
Angela	-480.516	-480.516	886	0	0	0	0	0
Bowen	-481.20300000000015	-481.20300000000015	0	0	0	0	0	0
Benjamin	-484.50499999999994	-484.50499999999994	822	0	0	0	0	0
Royalty	-484.54800000000006	-484.54800000000006	0	0	0	3	0	0
Elian	-485.1	-482.1	0	0	-3	0	227	3188
Alessandra	-486.374	-486.374	0	0	0	0	1235	1030
Kali	-487.7999999999999	-487.7999999999999	900	0	0	0	0	0
Fiona	-488.4010000000002	-488.4010000000002	0	0	0	0	-3	-4
Jasmine	-490.059	-490.059	0	962	0	0	0	0
Mira	-492.5669999999999	-490.5669999999999	0	0	-2	0	1132	873
Rylie	-493.154	-500.154	0	0	7	978	0	3
Heidi	-493.69300000000004	-493.69300000000004	0	0	0	1225	0	0
Daleyza	-493.9370000000001	-493.9370000000001	0	0	0	1114	0	0
Shawn	-494.087	-494.087	0	0	0	0	797	1641
Frances	-494.2559999999998	-494.2559999999998	0	0	0	1501	0	0
August M	-494.86899999999997	-494.86899999999997	983	0	0	0	0	0
Katie	-495.1500000000002	-503.1500000000002	0	0	8	3444	0	0
Quinn M	-495.243	-3.2430000000000128	0	0	-492	-498	1006	67
Gabrielle	-495.353	-496.353	0	0	1	1068	0	0
Adelina	-495.59700000000004	-495.59700000000004	0	692	0	0	0	0
Mya	-496.432	-496.432	928	0	0	0	0	0
Alejandro	-496.49100000000004	-496.49100000000004	0	1003	0	0	0	0
Uriel	-496.84600000000006	-496.84600000000006	0	0	0	1430	0	0
Paul	-496.892	-496.892	0	1044	0	0	0	0
Jesse	-497.0679999999998	-497.0679999999998	963	0	0	0	0	0
Odin	-497.138	-497.138	0	0	0	0	1682	1053
Daniella	-497.1519999999997	-491.1519999999997	0	0	-6	0	1163	975
Asa	-497.3040000000001	-501.3040000000001	0	0	4	0	111	303
Cash	-497.355	-497.355	0	1093	0	0	0	0
Tripp	-497.4720000000002	-497.4720000000002	0	0	0	0	0	2901
Briella	-497.68499999999995	-497.68499999999995	876	0	0	0	0	0
Ricardo	-497.8070000000001	-497.8070000000001	0	0	0	940	0	0
Azalea	-497.8839999999999	-496.8839999999999	0	0	-1	0	1262	996
Morgan F	-497.98899999999986	-497.98899999999986	0	972	0	0	183	0
Sawyer M	-498.5940000000004	-498.5940000000004	913	0	0	0	0	0
Sebastian	-498.79900000000055	297.20099999999945	0	0	-796	-796	-300	2520
Solomon	-498.82500000000005	-498.82500000000005	0	0	0	0	1238	998
Royce	-498.89000000000004	-498.89000000000004	0	0	0	0	0	2496
Ford	-498.93100000000004	-498.93100000000004	0	0	0	0	0	3033
Nasir	-498.97600000000006	-498.97600000000006	0	0	0	989	0	0
Alayah	-499.08099999999996	-499.08099999999996	0	1141	0	0	0	1
Lola	-499.17499999999984	-499.17499999999984	0	1025	0	0	0	0
Jase	-499.19600000000025	-499.19600000000025	0	0	0	0	-1	3676
Vanessa	-499.45199999999954	-499.45199999999954	992	0	0	0	0	0
Daniela	-499.485	-499.485	0	1005	0	0	0	0
Travis	-499.555	-499.555	0	0	0	1045	0	0
Londyn	-499.594	-499.594	967	0	0	0	0	0
Brody	-499.71999999999997	-499.71999999999997	961	0	0	0	0	0
Esmeralda	-499.92300000000006	-499.92300000000006	0	0	0	0	0	2719
Finley M	-499.9829999999999	-499.9829999999999	0	1166	0	0	0	0
Lucia	-499.984	-499.984	997	0	0	0	0	0
Emory F	-500.2409999999999	-500.2409999999999	0	0	0	0	859	1509
Javier	-500.26399999999995	-500.26399999999995	0	1095	0	0	0	0
Zara	-500.511	-500.511	956	0	0	0	0	0
Brynlee	-500.582	-500.582	0	997	0	0	0	5
Jordyn	-500.803	-500.803	0	0	0	0	0	2531
Liana	-500.82100000000014	-500.82100000000014	0	0	0	0	1030	1537
Chance	-500.869	-500.869	0	1151	0	0	0	2
Kairo	-500.948	-500.948	0	1105	0	0	0	0
Magnolia	-501.0400000000001	-501.0400000000001	0	1078	0	0	0	0
Alison	-501.1209999999997	-501.1209999999997	0	0	0	0	822	1380
Mark	-501.4889999999999	-501.4889999999999	952	0	0	0	0	0
Vivienne	-501.5440000000001	-501.5440000000001	912	0	0	0	0	0
Theo	-501.67099999999976	-501.67099999999976	958	0	0	0	0	0
Emerson F	-501.91800000000006	-501.91800000000006	0	1013	0	0	0	0
Hope	-502.28099999999995	-502.28099999999995	0	1008	0	0	0	0
Olive	-502.33200000000005	-502.33200000000005	944	0	0	0	0	0
Reese F	-502.74400000000014	-502.74400000000014	998	0	0	0	0	0
Rylan M	-502.75000000000017	-502.75000000000017	0	0	0	0	1569	0
Juniper	-502.9509999999998	-502.9509999999998	986	0	0	0	0	0
Kaliyah	-503.79099999999994	1107.209	0	0	-1611	221	-1601	-114
Luis	-503.83399999999995	-503.83399999999995	0	968	0	0	0	0
Journee	-506.5	-506.5	0	1013	0	0	0	0
Alondra	-509.29199999999986	-509.29199999999986	0	1024	0	0	0	0
June	-519.5310000000001	104.46899999999997	950	0	-624	-635	0	0
Waylon	-520.9510000000001	-520.9510000000001	0	-3	0	0	456	478
Juliana	-528.485	443.515	971	0	-972	-974	0	0
Ashton	-591.3520000000001	-200.35200000000006	390	0	-391	225	0	0
Sutton M	-637.2750000000001	-309.27500000000003	334	0	-328	-333	562	447
Athena	-672.727	-240.72699999999995	430	0	-432	172	0	0
Freya	-699.567	-214.567	491	0	-485	153	0	0
Raymond	-720.8740000000003	-500.87400000000025	823	0	-220	177	0	0
Aniyah	-737.718	59.28200000000003	796	0	-797	-803	0	0
Paige	-749.769	-436.76899999999995	314	0	-313	1062	0	0
Delaney	-839.1529999999998	-5.152999999999768	843	-1	-834	-844	1238	0
Helena	-840.962	-260.96199999999993	3	-80	-580	3212	-499	-499
Charlie F	-842.4950000000001	-501.4950000000001	939	0	-341	228	0	0
Phoenix M	-950.4440000000001	21.555999999999926	964	-1	-972	-976	0	0
Brooke	-951.7650000000001	-47.76500000000016	909	0	-904	-912	0	0
Colin	-960.9579999999999	-254.95799999999986	698	4	-706	-700	0	0
Jonathan	-1049.3770000000031	-1502.3770000000031	0	3216	453	-2	-1401	-744
Jude	-1060.056	-121.05600000000014	945	0	-939	-954	0	0
Zayn	-1089.7099999999998	-474.7099999999998	846	0	-615	-859	0	0
Carlos	-1137.2830000000001	-184.2830000000001	950	0	-953	-948	0	0
Anastasia	-1233.1460000000002	-485.14600000000013	749	0	-748	1042	-5	0
Matteo	-1257.5209999999997	-500.52099999999984	951	0	-757	574	0	0
Danna	-1286.586	-278.586	780	-201	-1008	562	-17	-21
Nicolas	-1314.1799999999998	-497.1799999999997	818	-2	-817	-824	1391	-1
Alexis F	-1351.3859999999997	-488.3859999999997	862	0	-863	-858	0	0
Scott	-1374.8249999999998	-486.82499999999993	897	0	-888	-893	0	0
Myra	-1375.98	-473.9800000000001	902	1	-902	-905	0	0
Rosalie	-1400.1540000000002	-496.1540000000002	904	0	-904	345	0	0
Miguel	-1464.556	-488.5560000000001	974	0	-976	503	0	0
Kehlani	-1477.2289999999998	-500.2289999999999	978	0	-977	628	0	0
Delilah	-2755.508	-1010.5079999999997	1725	0	-1745	-1730	2396	2398
Emely	-2802.1389999999988	-1334.1389999999988	2370	0	-1468	-2379	3751	0
Cameron M	-3421.233999999999	-3421.233999999999	0	7098	0	0	0	0
